[{"name":"unnamed1","length":12,"uuid":"E0617C4E-D0FF-473C-8CD1-ADB49C375446","keyframes":[{"bones":{"root":{"position":[0,0,0],"rotation":[0,0,0,1],"scale":[1,1,1,1]},"Motor":{"position":[0,0,0],"rotation":[0,0,0,1],"scale":[1,1,1,1]},"Propeller":{"position":[0,0,0],"rotation":[0,0,0,1],"scale":[1,1,1,1]}},"index":0},{"bones":{},"index":1},{"bones":{},"index":2},{"bones":{},"index":3},{"bones":{},"index":4},{"bones":{},"index":5},{"bones":{},"index":6},{"bones":{},"index":7},{"bones":{},"index":8},{"bones":{},"index":9},{"bones":{},"index":10},{"bones":{"Propeller":{"position":[0,-0.2603103518486023,-0.07858605310320854],"rotation":[-0.9999852180480957,0,0,-0.005438134074211121]}},"index":11}],"autoLoop":false}]