[{"name":"unnamed1","length":9,"uuid":"E2163EAF-883B-49BB-9B9D-F2DAFFD7FB9E","keyframes":[{"bones":{"root":{"position":[0,0,0],"rotation":[0,0,0,1],"scale":[1,1,1]},"Motor":{"position":[0,0,0],"rotation":[0,0,0,1],"scale":[1,1,1]},"Propeller":{"position":[0,0,0],"rotation":[0,0,0,1],"scale":[1,1,1]}},"index":0},{"bones":{},"index":1},{"bones":{},"index":2},{"bones":{},"index":3},{"bones":{},"index":4},{"bones":{},"index":5},{"bones":{},"index":6},{"bones":{},"index":7},{"bones":{"Propeller":{"position":[0.00020897938520647585,0,-0.08000108227133751],"rotation":[0,-0.9999963045120239,0,-0.002612197306007147]}},"index":8}],"autoLoop":false},{"name":"unnamed2","length":10,"uuid":"7F315814-41FE-4580-AA3F-5A2144F2F783","keyframes":[{"bones":{"root":{"position":[0,0,0],"rotation":[0,0,0,1],"scale":[1,1,1,1]},"Motor":{"position":[0,0,0],"rotation":[0,0,0,1],"scale":[1,1,1,1]},"Propeller":{"position":[0,0,0],"rotation":[0,0,0,1],"scale":[1,1,1,1]}},"index":0},{"bones":{},"index":1},{"bones":{},"index":2},{"bones":{},"index":3},{"bones":{},"index":4},{"bones":{},"index":5},{"bones":{},"index":6},{"bones":{},"index":7},{"bones":{},"index":8},{"bones":{"Propeller":{"position":[0,-0.26480838656425476,-0.5457350015640259],"rotation":[0.9985539317131042,0,0,0.053761404007673264]}},"index":9}],"autoLoop":false}]