[{"name":"swim","length":20,"uuid":"D090FB69-5A3A-4205-A057-EDBC235E6FAB","keyframes":[{"bones":{"root":{"position":[0,0,0],"rotation":[0,0,0,1],"scale":[1,1,1]},"part1":{"position":[0,0,0],"rotation":[0,0,0,1],"scale":[1,1,1]},"flipper-right":{"position":[0,0,0],"rotation":[0,0,0,1],"scale":[1,1,1]},"flipper-left":{"position":[0,0,0],"rotation":[0,0,0,1],"scale":[1,1,1]},"tail":{"position":[-1.3650553166899562,-4.3310691781532494e-7,7.303213782493007],"rotation":[-4.085525695529668e-9,-0.21742314100265503,-1.8341150820333496e-8,0.9760775566101074],"scale":[1,1,1]}},"index":0},{"bones":{},"index":1},{"bones":{},"index":2},{"bones":{},"index":3},{"bones":{},"index":4},{"bones":{"flipper-right":{"position":[3.297617554664612,-2.0287575721740723,2.8961093425750732],"rotation":[-0.24768204987049103,-0.26259779930114746,0.08252169191837311,0.928916871547699]},"flipper-left":{"position":[2.3167037963867188,2.905324339866638,2.733271360397339],"rotation":[0.2025202065706253,-0.12661384046077728,-0.026415877044200897,0.9706990718841553]}},"index":5},{"bones":{},"index":6},{"bones":{},"index":7},{"bones":{},"index":8},{"bones":{},"index":9},{"bones":{"tail":{"position":[-1.2589450775218187,-4.3709470427499234e-7,-2.4147754730903856],"rotation":[2.282058320091096e-9,0.121446393430233,-1.8651585165230244e-8,0.9925979971885681]},"flipper-right":{"position":[1.120323896408081,-5.830052614212036,3.004210948944092],"rotation":[-0.5017694234848022,-0.07414807379245758,0.0432250052690506,0.8607330918312073]},"flipper-left":{"position":[0,8.528519868850708,3.574319362640381],"rotation":[0.480983167886734,0,0,0.8767297267913818]}},"index":10},{"bones":{},"index":11},{"bones":{},"index":12},{"bones":{},"index":13},{"bones":{},"index":14},{"bones":{"flipper-right":{"position":[-2.1515378952026367,-3.1151686906814575,1.2838928699493408],"rotation":[-0.2593541443347931,0.15448996424674988,-0.029859626665711403,0.9528781175613403]},"flipper-left":{"position":[-2.51923406124115,4.605296492576599,1.1655232906341553],"rotation":[0.24628446996212006,0.12208880484104156,0.03128989040851593,0.9609677791595459]}},"index":15},{"bones":{},"index":16},{"bones":{},"index":17},{"bones":{},"index":18},{"bones":{},"index":19}],"autoLoop":true},{"name":"unnamed3","length":12,"uuid":"FC83FB61-7525-4BC9-AFFB-F050B39CFEC3","keyframes":[{"bones":{"root":{"position":[0,0,0],"rotation":[0,0,0,1],"scale":[1,1,1]},"part1":{"position":[0,0,0],"rotation":[0,0,0,1],"scale":[1,1,1]},"flipper-right":{"position":[0,0,0],"rotation":[0,0,0,1],"scale":[1,1,1]},"flipper-left":{"position":[0,0,0],"rotation":[0,0,0,1],"scale":[1,1,1]},"tail":{"position":[0,0,0],"rotation":[0,0,0,1],"scale":[1,1,1]}},"index":0},{"bones":{},"index":1},{"bones":{},"index":2},{"bones":{},"index":3},{"bones":{},"index":4},{"bones":{},"index":5},{"bones":{},"index":6},{"bones":{},"index":7},{"bones":{},"index":8},{"bones":{},"index":9},{"bones":{},"index":10},{"bones":{"root":{"position":[0,-5.728194713592529,40.142595291137695],"rotation":[0.9899716377258301,0,0,-0.1412651687860489]}},"index":11}],"autoLoop":true},{"name":"idle","length":1,"uuid":"60E12E14-D396-4852-B6FE-053D0E6172E8","keyframes":[{"bones":{"root":{"position":[0,0,0],"rotation":[0,0,0,1],"scale":[1,1,1]},"part1":{"position":[0,0,0],"rotation":[0,0,0,1],"scale":[1,1,1]},"flipper-right":{"position":[0,0,0],"rotation":[0,0,0,1],"scale":[1,1,1]},"flipper-left":{"position":[0,0,0],"rotation":[0,0,0,1],"scale":[1,1,1]},"tail":{"position":[0,0,0],"rotation":[0,0,0,1],"scale":[1,1,1]}},"index":0}],"autoLoop":false}]